version,1.7.0
info,balls_per_over,6
info,team,Zimbabwe
info,team,Australia
info,gender,male
info,season,2022
info,date,2022/08/28
info,event,Zimbabwe tour of Australia
info,match_number,1
info,venue,"Tony Ireland Stadium, Townsville"
info,city,Townsville
info,toss_winner,Australia
info,toss_decision,field
info,player_of_match,C Green
info,umpire,RJ Tucker
info,umpire,SJ Nogajski
info,reserve_umpire,DM Koch
info,tv_umpire,PR Reiffel
info,match_referee,DC Boon
info,winner,Australia
info,winner_wickets,5
info,player,Zimbabwe,I Kaia
info,player,Zimbabwe,T Marumani
info,player,Zimbabwe,W Madhevere
info,player,Zimbabwe,T Munyonga
info,player,Zimbabwe,Sikandar Raza
info,player,Zimbabwe,RW Chakabva
info,player,Zimbabwe,RP Burl
info,player,Zimbabwe,LM Jongwe
info,player,Zimbabwe,B Evans
info,player,Zimbabwe,R Ngarava
info,player,Zimbabwe,VM Nyauchi
info,player,Australia,AJ Finch
info,player,Australia,DA Warner
info,player,Australia,SPD Smith
info,player,Australia,AT Carey
info,player,Australia,MP Stoinis
info,player,Australia,MR Marsh
info,player,Australia,GJ Maxwell
info,player,Australia,C Green
info,player,Australia,MA Starc
info,player,Australia,A Zampa
info,player,Australia,JR Hazlewood
info,registry,people,A Zampa,14f96089
info,registry,people,AJ Finch,b8d490fd
info,registry,people,AT Carey,69d03465
info,registry,people,B Evans,e7e86505
info,registry,people,C Green,eaa76d3c
info,registry,people,DA Warner,dcce6f09
info,registry,people,DC Boon,e79a1fe3
info,registry,people,DM Koch,6d10c034
info,registry,people,GJ Maxwell,b681e71e
info,registry,people,I Kaia,5ad8c974
info,registry,people,JR Hazlewood,03806cf8
info,registry,people,LM Jongwe,b8704508
info,registry,people,MA Starc,3fb19989
info,registry,people,MP Stoinis,d9273ee7
info,registry,people,MR Marsh,3d8feaf8
info,registry,people,PR Reiffel,c9354f29
info,registry,people,R Ngarava,6e3f5a5c
info,registry,people,RJ Tucker,38810cfc
info,registry,people,RP Burl,b08252b8
info,registry,people,RW Chakabva,2f0d7e4a
info,registry,people,SJ Nogajski,9b3f9323
info,registry,people,SPD Smith,30a45b23
info,registry,people,Sikandar Raza,26d041c4
info,registry,people,T Marumani,3d5d51a5
info,registry,people,T Munyonga,fbcfa528
info,registry,people,VM Nyauchi,1bd16445
info,registry,people,W Madhevere,a879b92c
ball,1,0.1,Zimbabwe,I Kaia,T Marumani,MA Starc,0,0,,,,,,"",""
ball,1,0.2,Zimbabwe,I Kaia,T Marumani,MA Starc,1,0,,,,,,"",""
ball,1,0.3,Zimbabwe,T Marumani,I Kaia,MA Starc,1,0,,,,,,"",""
ball,1,0.4,Zimbabwe,I Kaia,T Marumani,MA Starc,1,0,,,,,,"",""
ball,1,0.5,Zimbabwe,T Marumani,I Kaia,MA Starc,1,0,,,,,,"",""
ball,1,0.6,Zimbabwe,I Kaia,T Marumani,MA Starc,0,0,,,,,,"",""
ball,1,1.1,Zimbabwe,T Marumani,I Kaia,JR Hazlewood,1,0,,,,,,"",""
ball,1,1.2,Zimbabwe,I Kaia,T Marumani,JR Hazlewood,0,0,,,,,,"",""
ball,1,1.3,Zimbabwe,I Kaia,T Marumani,JR Hazlewood,0,0,,,,,,"",""
ball,1,1.4,Zimbabwe,I Kaia,T Marumani,JR Hazlewood,0,0,,,,,,"",""
ball,1,1.5,Zimbabwe,I Kaia,T Marumani,JR Hazlewood,0,0,,,,,,"",""
ball,1,1.6,Zimbabwe,I Kaia,T Marumani,JR Hazlewood,0,0,,,,,,"",""
ball,1,2.1,Zimbabwe,T Marumani,I Kaia,MA Starc,0,0,,,,,,"",""
ball,1,2.2,Zimbabwe,T Marumani,I Kaia,MA Starc,1,0,,,,,,"",""
ball,1,2.3,Zimbabwe,I Kaia,T Marumani,MA Starc,0,0,,,,,,"",""
ball,1,2.4,Zimbabwe,I Kaia,T Marumani,MA Starc,0,0,,,,,,"",""
ball,1,2.5,Zimbabwe,I Kaia,T Marumani,MA Starc,0,0,,,,,,"",""
ball,1,2.6,Zimbabwe,I Kaia,T Marumani,MA Starc,0,0,,,,,,"",""
ball,1,3.1,Zimbabwe,T Marumani,I Kaia,JR Hazlewood,3,0,,,,,,"",""
ball,1,3.2,Zimbabwe,I Kaia,T Marumani,JR Hazlewood,0,1,,,,1,,"",""
ball,1,3.3,Zimbabwe,T Marumani,I Kaia,JR Hazlewood,0,0,,,,,,"",""
ball,1,3.4,Zimbabwe,T Marumani,I Kaia,JR Hazlewood,1,0,,,,,,"",""
ball,1,3.5,Zimbabwe,I Kaia,T Marumani,JR Hazlewood,0,0,,,,,,"",""
ball,1,3.6,Zimbabwe,I Kaia,T Marumani,JR Hazlewood,0,0,,,,,,"",""
ball,1,4.1,Zimbabwe,T Marumani,I Kaia,MA Starc,0,0,,,,,,"",""
ball,1,4.2,Zimbabwe,T Marumani,I Kaia,MA Starc,0,0,,,,,,"",""
ball,1,4.3,Zimbabwe,T Marumani,I Kaia,MA Starc,0,0,,,,,,"",""
ball,1,4.4,Zimbabwe,T Marumani,I Kaia,MA Starc,0,0,,,,,,"",""
ball,1,4.5,Zimbabwe,T Marumani,I Kaia,MA Starc,0,0,,,,,,"",""
ball,1,4.6,Zimbabwe,T Marumani,I Kaia,MA Starc,0,0,,,,,,"",""
ball,1,5.1,Zimbabwe,I Kaia,T Marumani,JR Hazlewood,0,0,,,,,,"",""
ball,1,5.2,Zimbabwe,I Kaia,T Marumani,JR Hazlewood,0,0,,,,,,"",""
ball,1,5.3,Zimbabwe,I Kaia,T Marumani,JR Hazlewood,0,0,,,,,,"",""
ball,1,5.4,Zimbabwe,I Kaia,T Marumani,JR Hazlewood,4,0,,,,,,"",""
ball,1,5.5,Zimbabwe,I Kaia,T Marumani,JR Hazlewood,0,0,,,,,,"",""
ball,1,5.6,Zimbabwe,I Kaia,T Marumani,JR Hazlewood,1,0,,,,,,"",""
ball,1,6.1,Zimbabwe,I Kaia,T Marumani,MR Marsh,0,0,,,,,,"",""
ball,1,6.2,Zimbabwe,I Kaia,T Marumani,MR Marsh,0,0,,,,,,"",""
ball,1,6.3,Zimbabwe,I Kaia,T Marumani,MR Marsh,0,0,,,,,,"",""
ball,1,6.4,Zimbabwe,I Kaia,T Marumani,MR Marsh,2,0,,,,,,"",""
ball,1,6.5,Zimbabwe,I Kaia,T Marumani,MR Marsh,0,1,,,,1,,"",""
ball,1,6.6,Zimbabwe,T Marumani,I Kaia,MR Marsh,3,0,,,,,,"",""
ball,1,7.1,Zimbabwe,T Marumani,I Kaia,JR Hazlewood,0,0,,,,,,"",""
ball,1,7.2,Zimbabwe,T Marumani,I Kaia,JR Hazlewood,4,0,,,,,,"",""
ball,1,7.3,Zimbabwe,T Marumani,I Kaia,JR Hazlewood,0,0,,,,,,"",""
ball,1,7.4,Zimbabwe,T Marumani,I Kaia,JR Hazlewood,1,0,,,,,,"",""
ball,1,7.5,Zimbabwe,I Kaia,T Marumani,JR Hazlewood,0,0,,,,,,"",""
ball,1,7.6,Zimbabwe,I Kaia,T Marumani,JR Hazlewood,0,0,,,,,,"",""
ball,1,8.1,Zimbabwe,T Marumani,I Kaia,MR Marsh,0,0,,,,,,"",""
ball,1,8.2,Zimbabwe,T Marumani,I Kaia,MR Marsh,0,0,,,,,,"",""
ball,1,8.3,Zimbabwe,T Marumani,I Kaia,MR Marsh,0,1,1,,,,,"",""
ball,1,8.4,Zimbabwe,T Marumani,I Kaia,MR Marsh,0,0,,,,,,"",""
ball,1,8.5,Zimbabwe,T Marumani,I Kaia,MR Marsh,1,0,,,,,,"",""
ball,1,8.6,Zimbabwe,I Kaia,T Marumani,MR Marsh,0,0,,,,,,"",""
ball,1,8.7,Zimbabwe,I Kaia,T Marumani,MR Marsh,1,0,,,,,,"",""
ball,1,9.1,Zimbabwe,I Kaia,T Marumani,C Green,0,1,,1,,,,"",""
ball,1,9.2,Zimbabwe,I Kaia,T Marumani,C Green,0,0,,,,,,"",""
ball,1,9.3,Zimbabwe,I Kaia,T Marumani,C Green,0,0,,,,,,"",""
ball,1,9.4,Zimbabwe,I Kaia,T Marumani,C Green,1,0,,,,,,"",""
ball,1,9.5,Zimbabwe,T Marumani,I Kaia,C Green,4,0,,,,,,"",""
ball,1,9.6,Zimbabwe,T Marumani,I Kaia,C Green,0,0,,,,,,"",""
ball,1,9.7,Zimbabwe,T Marumani,I Kaia,C Green,0,0,,,,,,"",""
ball,1,10.1,Zimbabwe,I Kaia,T Marumani,MR Marsh,0,0,,,,,,"",""
ball,1,10.2,Zimbabwe,I Kaia,T Marumani,MR Marsh,2,0,,,,,,"",""
ball,1,10.3,Zimbabwe,I Kaia,T Marumani,MR Marsh,0,0,,,,,,"",""
ball,1,10.4,Zimbabwe,I Kaia,T Marumani,MR Marsh,4,0,,,,,,"",""
ball,1,10.5,Zimbabwe,I Kaia,T Marumani,MR Marsh,0,0,,,,,,caught and bowled,I Kaia
ball,1,10.6,Zimbabwe,W Madhevere,T Marumani,MR Marsh,0,0,,,,,,"",""
ball,1,11.1,Zimbabwe,T Marumani,W Madhevere,C Green,0,0,,,,,,"",""
ball,1,11.2,Zimbabwe,T Marumani,W Madhevere,C Green,0,0,,,,,,"",""
ball,1,11.3,Zimbabwe,T Marumani,W Madhevere,C Green,0,0,,,,,,"",""
ball,1,11.4,Zimbabwe,T Marumani,W Madhevere,C Green,0,0,,,,,,"",""
ball,1,11.5,Zimbabwe,T Marumani,W Madhevere,C Green,1,0,,,,,,"",""
ball,1,11.6,Zimbabwe,W Madhevere,T Marumani,C Green,0,0,,,,,,"",""
ball,1,12.1,Zimbabwe,T Marumani,W Madhevere,MR Marsh,0,0,,,,,,"",""
ball,1,12.2,Zimbabwe,T Marumani,W Madhevere,MR Marsh,1,0,,,,,,"",""
ball,1,12.3,Zimbabwe,W Madhevere,T Marumani,MR Marsh,0,0,,,,,,"",""
ball,1,12.4,Zimbabwe,W Madhevere,T Marumani,MR Marsh,0,0,,,,,,"",""
ball,1,12.5,Zimbabwe,W Madhevere,T Marumani,MR Marsh,1,0,,,,,,"",""
ball,1,12.6,Zimbabwe,T Marumani,W Madhevere,MR Marsh,1,0,,,,,,"",""
ball,1,13.1,Zimbabwe,T Marumani,W Madhevere,C Green,4,0,,,,,,"",""
ball,1,13.2,Zimbabwe,T Marumani,W Madhevere,C Green,1,0,,,,,,"",""
ball,1,13.3,Zimbabwe,W Madhevere,T Marumani,C Green,0,0,,,,,,"",""
ball,1,13.4,Zimbabwe,W Madhevere,T Marumani,C Green,4,0,,,,,,"",""
ball,1,13.5,Zimbabwe,W Madhevere,T Marumani,C Green,1,0,,,,,,"",""
ball,1,13.6,Zimbabwe,T Marumani,W Madhevere,C Green,0,0,,,,,,"",""
ball,1,14.1,Zimbabwe,W Madhevere,T Marumani,MA Starc,0,0,,,,,,"",""
ball,1,14.2,Zimbabwe,W Madhevere,T Marumani,MA Starc,0,0,,,,,,"",""
ball,1,14.3,Zimbabwe,W Madhevere,T Marumani,MA Starc,4,0,,,,,,"",""
ball,1,14.4,Zimbabwe,W Madhevere,T Marumani,MA Starc,1,0,,,,,,"",""
ball,1,14.5,Zimbabwe,T Marumani,W Madhevere,MA Starc,0,0,,,,,,"",""
ball,1,14.6,Zimbabwe,T Marumani,W Madhevere,MA Starc,0,0,,,,,,"",""
ball,1,15.1,Zimbabwe,W Madhevere,T Marumani,A Zampa,0,0,,,,,,"",""
ball,1,15.2,Zimbabwe,W Madhevere,T Marumani,A Zampa,0,0,,,,,,"",""
ball,1,15.3,Zimbabwe,W Madhevere,T Marumani,A Zampa,1,0,,,,,,"",""
ball,1,15.4,Zimbabwe,T Marumani,W Madhevere,A Zampa,0,0,,,,,,"",""
ball,1,15.5,Zimbabwe,T Marumani,W Madhevere,A Zampa,2,0,,,,,,"",""
ball,1,15.6,Zimbabwe,T Marumani,W Madhevere,A Zampa,0,0,,,,,,"",""
ball,1,16.1,Zimbabwe,W Madhevere,T Marumani,MA Starc,1,0,,,,,,"",""
ball,1,16.2,Zimbabwe,T Marumani,W Madhevere,MA Starc,0,0,,,,,,"",""
ball,1,16.3,Zimbabwe,T Marumani,W Madhevere,MA Starc,0,1,,,,1,,"",""
ball,1,16.4,Zimbabwe,W Madhevere,T Marumani,MA Starc,1,0,,,,,,"",""
ball,1,16.5,Zimbabwe,T Marumani,W Madhevere,MA Starc,0,0,,,,,,"",""
ball,1,16.6,Zimbabwe,T Marumani,W Madhevere,MA Starc,1,0,,,,,,"",""
ball,1,17.1,Zimbabwe,T Marumani,W Madhevere,GJ Maxwell,4,0,,,,,,"",""
ball,1,17.2,Zimbabwe,T Marumani,W Madhevere,GJ Maxwell,1,0,,,,,,"",""
ball,1,17.3,Zimbabwe,W Madhevere,T Marumani,GJ Maxwell,0,0,,,,,,"",""
ball,1,17.4,Zimbabwe,W Madhevere,T Marumani,GJ Maxwell,0,0,,,,,,"",""
ball,1,17.5,Zimbabwe,W Madhevere,T Marumani,GJ Maxwell,0,0,,,,,,"",""
ball,1,17.6,Zimbabwe,W Madhevere,T Marumani,GJ Maxwell,1,0,,,,,,"",""
ball,1,18.1,Zimbabwe,W Madhevere,T Marumani,A Zampa,1,0,,,,,,"",""
ball,1,18.2,Zimbabwe,T Marumani,W Madhevere,A Zampa,2,0,,,,,,"",""
ball,1,18.3,Zimbabwe,T Marumani,W Madhevere,A Zampa,0,1,1,,,,,"",""
ball,1,18.4,Zimbabwe,T Marumani,W Madhevere,A Zampa,1,0,,,,,,"",""
ball,1,18.5,Zimbabwe,W Madhevere,T Marumani,A Zampa,1,0,,,,,,"",""
ball,1,18.6,Zimbabwe,T Marumani,W Madhevere,A Zampa,1,0,,,,,,"",""
ball,1,18.7,Zimbabwe,W Madhevere,T Marumani,A Zampa,0,0,,,,,,"",""
ball,1,19.1,Zimbabwe,T Marumani,W Madhevere,GJ Maxwell,0,0,,,,,,"",""
ball,1,19.2,Zimbabwe,T Marumani,W Madhevere,GJ Maxwell,0,0,,,,,,"",""
ball,1,19.3,Zimbabwe,T Marumani,W Madhevere,GJ Maxwell,0,0,,,,,,"",""
ball,1,19.4,Zimbabwe,T Marumani,W Madhevere,GJ Maxwell,1,0,,,,,,"",""
ball,1,19.5,Zimbabwe,W Madhevere,T Marumani,GJ Maxwell,1,0,,,,,,"",""
ball,1,19.6,Zimbabwe,T Marumani,W Madhevere,GJ Maxwell,1,0,,,,,,"",""
ball,1,20.1,Zimbabwe,T Marumani,W Madhevere,A Zampa,2,0,,,,,,"",""
ball,1,20.2,Zimbabwe,T Marumani,W Madhevere,A Zampa,0,1,1,,,,,"",""
ball,1,20.3,Zimbabwe,T Marumani,W Madhevere,A Zampa,0,0,,,,,,"",""
ball,1,20.4,Zimbabwe,T Marumani,W Madhevere,A Zampa,0,0,,,,,,"",""
ball,1,20.5,Zimbabwe,T Marumani,W Madhevere,A Zampa,0,0,,,,,,"",""
ball,1,20.6,Zimbabwe,T Marumani,W Madhevere,A Zampa,0,0,,,,,,bowled,T Marumani
ball,1,20.7,Zimbabwe,T Munyonga,W Madhevere,A Zampa,1,0,,,,,,"",""
ball,1,21.1,Zimbabwe,T Munyonga,W Madhevere,JR Hazlewood,0,0,,,,,,"",""
ball,1,21.2,Zimbabwe,T Munyonga,W Madhevere,JR Hazlewood,0,0,,,,,,"",""
ball,1,21.3,Zimbabwe,T Munyonga,W Madhevere,JR Hazlewood,0,0,,,,,,"",""
ball,1,21.4,Zimbabwe,T Munyonga,W Madhevere,JR Hazlewood,0,0,,,,,,"",""
ball,1,21.5,Zimbabwe,T Munyonga,W Madhevere,JR Hazlewood,0,0,,,,,,"",""
ball,1,21.6,Zimbabwe,T Munyonga,W Madhevere,JR Hazlewood,0,0,,,,,,"",""
ball,1,22.1,Zimbabwe,W Madhevere,T Munyonga,A Zampa,0,0,,,,,,"",""
ball,1,22.2,Zimbabwe,W Madhevere,T Munyonga,A Zampa,1,0,,,,,,"",""
ball,1,22.3,Zimbabwe,T Munyonga,W Madhevere,A Zampa,1,0,,,,,,"",""
ball,1,22.4,Zimbabwe,W Madhevere,T Munyonga,A Zampa,1,0,,,,,,"",""
ball,1,22.5,Zimbabwe,T Munyonga,W Madhevere,A Zampa,0,1,1,,,,,"",""
ball,1,22.6,Zimbabwe,T Munyonga,W Madhevere,A Zampa,0,0,,,,,,"",""
ball,1,22.7,Zimbabwe,T Munyonga,W Madhevere,A Zampa,0,0,,,,,,"",""
ball,1,23.1,Zimbabwe,W Madhevere,T Munyonga,JR Hazlewood,0,0,,,,,,"",""
ball,1,23.2,Zimbabwe,W Madhevere,T Munyonga,JR Hazlewood,1,0,,,,,,"",""
ball,1,23.3,Zimbabwe,T Munyonga,W Madhevere,JR Hazlewood,0,0,,,,,,"",""
ball,1,23.4,Zimbabwe,T Munyonga,W Madhevere,JR Hazlewood,1,0,,,,,,"",""
ball,1,23.5,Zimbabwe,W Madhevere,T Munyonga,JR Hazlewood,0,0,,,,,,"",""
ball,1,23.6,Zimbabwe,W Madhevere,T Munyonga,JR Hazlewood,1,0,,,,,,"",""
ball,1,24.1,Zimbabwe,W Madhevere,T Munyonga,A Zampa,4,0,,,,,,"",""
ball,1,24.2,Zimbabwe,W Madhevere,T Munyonga,A Zampa,1,0,,,,,,"",""
ball,1,24.3,Zimbabwe,T Munyonga,W Madhevere,A Zampa,4,0,,,,,,"",""
ball,1,24.4,Zimbabwe,T Munyonga,W Madhevere,A Zampa,0,0,,,,,,caught,T Munyonga
ball,1,24.5,Zimbabwe,W Madhevere,Sikandar Raza,A Zampa,1,0,,,,,,"",""
ball,1,24.6,Zimbabwe,Sikandar Raza,W Madhevere,A Zampa,2,0,,,,,,"",""
ball,1,25.1,Zimbabwe,W Madhevere,Sikandar Raza,JR Hazlewood,0,0,,,,,,"",""
ball,1,25.2,Zimbabwe,W Madhevere,Sikandar Raza,JR Hazlewood,2,0,,,,,,"",""
ball,1,25.3,Zimbabwe,W Madhevere,Sikandar Raza,JR Hazlewood,1,0,,,,,,"",""
ball,1,25.4,Zimbabwe,Sikandar Raza,W Madhevere,JR Hazlewood,0,0,,,,,,"",""
ball,1,25.5,Zimbabwe,Sikandar Raza,W Madhevere,JR Hazlewood,0,0,,,,,,"",""
ball,1,25.6,Zimbabwe,Sikandar Raza,W Madhevere,JR Hazlewood,0,0,,,,,,"",""
ball,1,26.1,Zimbabwe,W Madhevere,Sikandar Raza,MA Starc,0,0,,,,,,"",""
ball,1,26.2,Zimbabwe,W Madhevere,Sikandar Raza,MA Starc,2,0,,,,,,"",""
ball,1,26.3,Zimbabwe,W Madhevere,Sikandar Raza,MA Starc,2,0,,,,,,"",""
ball,1,26.4,Zimbabwe,W Madhevere,Sikandar Raza,MA Starc,1,0,,,,,,"",""
ball,1,26.5,Zimbabwe,Sikandar Raza,W Madhevere,MA Starc,1,0,,,,,,"",""
ball,1,26.6,Zimbabwe,W Madhevere,Sikandar Raza,MA Starc,1,0,,,,,,"",""
ball,1,27.1,Zimbabwe,W Madhevere,Sikandar Raza,C Green,1,0,,,,,,"",""
ball,1,27.2,Zimbabwe,Sikandar Raza,W Madhevere,C Green,0,0,,,,,,"",""
ball,1,27.3,Zimbabwe,Sikandar Raza,W Madhevere,C Green,0,0,,,,,,"",""
ball,1,27.4,Zimbabwe,Sikandar Raza,W Madhevere,C Green,0,0,,,,,,"",""
ball,1,27.5,Zimbabwe,Sikandar Raza,W Madhevere,C Green,0,0,,,,,,"",""
ball,1,27.6,Zimbabwe,Sikandar Raza,W Madhevere,C Green,0,0,,,,,,"",""
ball,1,28.1,Zimbabwe,W Madhevere,Sikandar Raza,MA Starc,0,0,,,,,,"",""
ball,1,28.2,Zimbabwe,W Madhevere,Sikandar Raza,MA Starc,0,0,,,,,,"",""
ball,1,28.3,Zimbabwe,W Madhevere,Sikandar Raza,MA Starc,0,0,,,,,,"",""
ball,1,28.4,Zimbabwe,W Madhevere,Sikandar Raza,MA Starc,1,0,,,,,,"",""
ball,1,28.5,Zimbabwe,Sikandar Raza,W Madhevere,MA Starc,0,0,,,,,,"",""
ball,1,28.6,Zimbabwe,Sikandar Raza,W Madhevere,MA Starc,0,0,,,,,,"",""
ball,1,29.1,Zimbabwe,W Madhevere,Sikandar Raza,C Green,1,0,,,,,,"",""
ball,1,29.2,Zimbabwe,Sikandar Raza,W Madhevere,C Green,0,0,,,,,,"",""
ball,1,29.3,Zimbabwe,Sikandar Raza,W Madhevere,C Green,0,0,,,,,,"",""
ball,1,29.4,Zimbabwe,Sikandar Raza,W Madhevere,C Green,0,0,,,,,,"",""
ball,1,29.5,Zimbabwe,Sikandar Raza,W Madhevere,C Green,0,0,,,,,,"",""
ball,1,29.6,Zimbabwe,Sikandar Raza,W Madhevere,C Green,1,0,,,,,,"",""
ball,1,30.1,Zimbabwe,Sikandar Raza,W Madhevere,MR Marsh,0,0,,,,,,"",""
ball,1,30.2,Zimbabwe,Sikandar Raza,W Madhevere,MR Marsh,0,0,,,,,,"",""
ball,1,30.3,Zimbabwe,Sikandar Raza,W Madhevere,MR Marsh,0,0,,,,,,"",""
ball,1,30.4,Zimbabwe,Sikandar Raza,W Madhevere,MR Marsh,0,0,,,,,,"",""
ball,1,30.5,Zimbabwe,Sikandar Raza,W Madhevere,MR Marsh,1,0,,,,,,"",""
ball,1,30.6,Zimbabwe,W Madhevere,Sikandar Raza,MR Marsh,0,0,,,,,,"",""
ball,1,31.1,Zimbabwe,Sikandar Raza,W Madhevere,C Green,0,0,,,,,,"",""
ball,1,31.2,Zimbabwe,Sikandar Raza,W Madhevere,C Green,0,0,,,,,,caught,Sikandar Raza
ball,1,31.3,Zimbabwe,W Madhevere,RW Chakabva,C Green,0,0,,,,,,"",""
ball,1,31.4,Zimbabwe,W Madhevere,RW Chakabva,C Green,1,0,,,,,,"",""
ball,1,31.5,Zimbabwe,RW Chakabva,W Madhevere,C Green,1,0,,,,,,"",""
ball,1,31.6,Zimbabwe,W Madhevere,RW Chakabva,C Green,0,0,,,,,,"",""
ball,1,32.1,Zimbabwe,RW Chakabva,W Madhevere,MR Marsh,0,0,,,,,,"",""
ball,1,32.2,Zimbabwe,RW Chakabva,W Madhevere,MR Marsh,1,0,,,,,,"",""
ball,1,32.3,Zimbabwe,W Madhevere,RW Chakabva,MR Marsh,0,0,,,,,,"",""
ball,1,32.4,Zimbabwe,W Madhevere,RW Chakabva,MR Marsh,2,0,,,,,,"",""
ball,1,32.5,Zimbabwe,W Madhevere,RW Chakabva,MR Marsh,0,0,,,,,,"",""
ball,1,32.6,Zimbabwe,W Madhevere,RW Chakabva,MR Marsh,1,0,,,,,,"",""
ball,1,33.1,Zimbabwe,W Madhevere,RW Chakabva,C Green,0,0,,,,,,"",""
ball,1,33.2,Zimbabwe,W Madhevere,RW Chakabva,C Green,0,0,,,,,,"",""
ball,1,33.3,Zimbabwe,W Madhevere,RW Chakabva,C Green,1,0,,,,,,"",""
ball,1,33.4,Zimbabwe,RW Chakabva,W Madhevere,C Green,0,0,,,,,,"",""
ball,1,33.5,Zimbabwe,RW Chakabva,W Madhevere,C Green,0,0,,,,,,"",""
ball,1,33.6,Zimbabwe,RW Chakabva,W Madhevere,C Green,4,0,,,,,,"",""
ball,1,34.1,Zimbabwe,W Madhevere,RW Chakabva,A Zampa,0,0,,,,,,"",""
ball,1,34.2,Zimbabwe,W Madhevere,RW Chakabva,A Zampa,0,0,,,,,,"",""
ball,1,34.3,Zimbabwe,W Madhevere,RW Chakabva,A Zampa,0,0,,,,,,"",""
ball,1,34.4,Zimbabwe,W Madhevere,RW Chakabva,A Zampa,1,0,,,,,,"",""
ball,1,34.5,Zimbabwe,RW Chakabva,W Madhevere,A Zampa,0,0,,,,,,"",""
ball,1,34.6,Zimbabwe,RW Chakabva,W Madhevere,A Zampa,0,0,,,,,,"",""
ball,1,35.1,Zimbabwe,W Madhevere,RW Chakabva,GJ Maxwell,2,0,,,,,,"",""
ball,1,35.2,Zimbabwe,W Madhevere,RW Chakabva,GJ Maxwell,1,0,,,,,,"",""
ball,1,35.3,Zimbabwe,RW Chakabva,W Madhevere,GJ Maxwell,0,0,,,,,,"",""
ball,1,35.4,Zimbabwe,RW Chakabva,W Madhevere,GJ Maxwell,0,0,,,,,,"",""
ball,1,35.5,Zimbabwe,RW Chakabva,W Madhevere,GJ Maxwell,1,0,,,,,,"",""
ball,1,35.6,Zimbabwe,W Madhevere,RW Chakabva,GJ Maxwell,1,0,,,,,,"",""
ball,1,36.1,Zimbabwe,W Madhevere,RW Chakabva,A Zampa,0,0,,,,,,"",""
ball,1,36.2,Zimbabwe,W Madhevere,RW Chakabva,A Zampa,4,0,,,,,,"",""
ball,1,36.3,Zimbabwe,W Madhevere,RW Chakabva,A Zampa,1,0,,,,,,"",""
ball,1,36.4,Zimbabwe,RW Chakabva,W Madhevere,A Zampa,0,0,,,,,,"",""
ball,1,36.5,Zimbabwe,RW Chakabva,W Madhevere,A Zampa,1,0,,,,,,"",""
ball,1,36.6,Zimbabwe,W Madhevere,RW Chakabva,A Zampa,0,0,,,,,,"",""
ball,1,37.1,Zimbabwe,RW Chakabva,W Madhevere,GJ Maxwell,0,1,,,,1,,"",""
ball,1,37.2,Zimbabwe,W Madhevere,RW Chakabva,GJ Maxwell,1,0,,,,,,"",""
ball,1,37.3,Zimbabwe,RW Chakabva,W Madhevere,GJ Maxwell,1,0,,,,,,"",""
ball,1,37.4,Zimbabwe,W Madhevere,RW Chakabva,GJ Maxwell,1,0,,,,,,"",""
ball,1,37.5,Zimbabwe,RW Chakabva,W Madhevere,GJ Maxwell,1,0,,,,,,"",""
ball,1,37.6,Zimbabwe,W Madhevere,RW Chakabva,GJ Maxwell,1,0,,,,,,"",""
ball,1,38.1,Zimbabwe,W Madhevere,RW Chakabva,A Zampa,1,0,,,,,,"",""
ball,1,38.2,Zimbabwe,RW Chakabva,W Madhevere,A Zampa,2,0,,,,,,"",""
ball,1,38.3,Zimbabwe,RW Chakabva,W Madhevere,A Zampa,3,0,,,,,,"",""
ball,1,38.4,Zimbabwe,W Madhevere,RW Chakabva,A Zampa,0,0,,,,,,"",""
ball,1,38.5,Zimbabwe,W Madhevere,RW Chakabva,A Zampa,2,0,,,,,,"",""
ball,1,38.6,Zimbabwe,W Madhevere,RW Chakabva,A Zampa,1,0,,,,,,"",""
ball,1,39.1,Zimbabwe,W Madhevere,RW Chakabva,JR Hazlewood,0,0,,,,,,"",""
ball,1,39.2,Zimbabwe,W Madhevere,RW Chakabva,JR Hazlewood,0,0,,,,,,"",""
ball,1,39.3,Zimbabwe,W Madhevere,RW Chakabva,JR Hazlewood,1,0,,,,,,"",""
ball,1,39.4,Zimbabwe,RW Chakabva,W Madhevere,JR Hazlewood,1,0,,,,,,"",""
ball,1,39.5,Zimbabwe,W Madhevere,RW Chakabva,JR Hazlewood,1,0,,,,,,"",""
ball,1,39.6,Zimbabwe,RW Chakabva,W Madhevere,JR Hazlewood,4,0,,,,,,"",""
ball,1,40.1,Zimbabwe,W Madhevere,RW Chakabva,A Zampa,1,0,,,,,,"",""
ball,1,40.2,Zimbabwe,RW Chakabva,W Madhevere,A Zampa,1,0,,,,,,"",""
ball,1,40.3,Zimbabwe,W Madhevere,RW Chakabva,A Zampa,0,0,,,,,,"",""
ball,1,40.4,Zimbabwe,W Madhevere,RW Chakabva,A Zampa,1,0,,,,,,"",""
ball,1,40.5,Zimbabwe,RW Chakabva,W Madhevere,A Zampa,0,0,,,,,,"",""
ball,1,40.6,Zimbabwe,RW Chakabva,W Madhevere,A Zampa,1,0,,,,,,"",""
ball,1,41.1,Zimbabwe,RW Chakabva,W Madhevere,JR Hazlewood,0,0,,,,,,"",""
ball,1,41.2,Zimbabwe,RW Chakabva,W Madhevere,JR Hazlewood,1,0,,,,,,"",""
ball,1,41.3,Zimbabwe,W Madhevere,RW Chakabva,JR Hazlewood,1,0,,,,,,"",""
ball,1,41.4,Zimbabwe,RW Chakabva,W Madhevere,JR Hazlewood,4,0,,,,,,"",""
ball,1,41.5,Zimbabwe,RW Chakabva,W Madhevere,JR Hazlewood,1,0,,,,,,"",""
ball,1,41.6,Zimbabwe,W Madhevere,RW Chakabva,JR Hazlewood,0,0,,,,,,"",""
ball,1,42.1,Zimbabwe,RW Chakabva,W Madhevere,A Zampa,1,0,,,,,,"",""
ball,1,42.2,Zimbabwe,W Madhevere,RW Chakabva,A Zampa,0,0,,,,,,"",""
ball,1,42.3,Zimbabwe,W Madhevere,RW Chakabva,A Zampa,4,0,,,,,,"",""
ball,1,42.4,Zimbabwe,W Madhevere,RW Chakabva,A Zampa,1,0,,,,,,"",""
ball,1,42.5,Zimbabwe,RW Chakabva,W Madhevere,A Zampa,1,0,,,,,,"",""
ball,1,42.6,Zimbabwe,W Madhevere,RW Chakabva,A Zampa,0,0,,,,,,caught and bowled,W Madhevere
ball,1,43.1,Zimbabwe,RW Chakabva,RP Burl,JR Hazlewood,0,0,,,,,,"",""
ball,1,43.2,Zimbabwe,RW Chakabva,RP Burl,JR Hazlewood,1,0,,,,,,"",""
ball,1,43.3,Zimbabwe,RP Burl,RW Chakabva,JR Hazlewood,0,0,,,,,,"",""
ball,1,43.4,Zimbabwe,RP Burl,RW Chakabva,JR Hazlewood,0,0,,,,,,"",""
ball,1,43.5,Zimbabwe,RP Burl,RW Chakabva,JR Hazlewood,0,0,,,,,,"",""
ball,1,43.6,Zimbabwe,RP Burl,RW Chakabva,JR Hazlewood,0,0,,,,,,"",""
ball,1,44.1,Zimbabwe,RW Chakabva,RP Burl,C Green,0,1,,,,1,,"",""
ball,1,44.2,Zimbabwe,RP Burl,RW Chakabva,C Green,1,0,,,,,,"",""
ball,1,44.3,Zimbabwe,RW Chakabva,RP Burl,C Green,0,0,,,,,,caught,RW Chakabva
ball,1,44.4,Zimbabwe,RP Burl,LM Jongwe,C Green,1,0,,,,,,"",""
ball,1,44.5,Zimbabwe,LM Jongwe,RP Burl,C Green,1,0,,,,,,"",""
ball,1,44.6,Zimbabwe,RP Burl,LM Jongwe,C Green,0,0,,,,,,caught,RP Burl
ball,1,45.1,Zimbabwe,B Evans,LM Jongwe,MA Starc,1,0,,,,,,"",""
ball,1,45.2,Zimbabwe,LM Jongwe,B Evans,MA Starc,2,0,,,,,,"",""
ball,1,45.3,Zimbabwe,LM Jongwe,B Evans,MA Starc,0,0,,,,,,"",""
ball,1,45.4,Zimbabwe,LM Jongwe,B Evans,MA Starc,0,1,,,,1,,"",""
ball,1,45.5,Zimbabwe,B Evans,LM Jongwe,MA Starc,1,0,,,,,,"",""
ball,1,45.6,Zimbabwe,LM Jongwe,B Evans,MA Starc,0,0,,,,,,"",""
ball,1,46.1,Zimbabwe,B Evans,LM Jongwe,C Green,1,0,,,,,,"",""
ball,1,46.2,Zimbabwe,LM Jongwe,B Evans,C Green,0,0,,,,,,caught,LM Jongwe
ball,1,46.3,Zimbabwe,B Evans,R Ngarava,C Green,2,0,,,,,,"",""
ball,1,46.4,Zimbabwe,B Evans,R Ngarava,C Green,0,0,,,,,,caught,B Evans
ball,1,46.5,Zimbabwe,R Ngarava,VM Nyauchi,C Green,0,0,,,,,,"",""
ball,1,46.6,Zimbabwe,R Ngarava,VM Nyauchi,C Green,0,0,,,,,,"",""
ball,1,47.1,Zimbabwe,VM Nyauchi,R Ngarava,MA Starc,2,0,,,,,,"",""
ball,1,47.2,Zimbabwe,VM Nyauchi,R Ngarava,MA Starc,0,0,,,,,,"",""
ball,1,47.3,Zimbabwe,VM Nyauchi,R Ngarava,MA Starc,0,0,,,,,,bowled,VM Nyauchi
ball,2,0.1,Australia,AJ Finch,DA Warner,W Madhevere,4,0,,,,,,"",""
ball,2,0.2,Australia,AJ Finch,DA Warner,W Madhevere,0,0,,,,,,"",""
ball,2,0.3,Australia,AJ Finch,DA Warner,W Madhevere,1,0,,,,,,"",""
ball,2,0.4,Australia,DA Warner,AJ Finch,W Madhevere,2,0,,,,,,"",""
ball,2,0.5,Australia,DA Warner,AJ Finch,W Madhevere,1,0,,,,,,"",""
ball,2,0.6,Australia,AJ Finch,DA Warner,W Madhevere,1,0,,,,,,"",""
ball,2,1.1,Australia,AJ Finch,DA Warner,VM Nyauchi,0,4,,,,4,,"",""
ball,2,1.2,Australia,AJ Finch,DA Warner,VM Nyauchi,0,0,,,,,,"",""
ball,2,1.3,Australia,AJ Finch,DA Warner,VM Nyauchi,1,0,,,,,,"",""
ball,2,1.4,Australia,DA Warner,AJ Finch,VM Nyauchi,0,0,,,,,,"",""
ball,2,1.5,Australia,DA Warner,AJ Finch,VM Nyauchi,0,0,,,,,,"",""
ball,2,1.6,Australia,DA Warner,AJ Finch,VM Nyauchi,0,0,,,,,,"",""
ball,2,2.1,Australia,AJ Finch,DA Warner,R Ngarava,0,0,,,,,,"",""
ball,2,2.2,Australia,AJ Finch,DA Warner,R Ngarava,0,0,,,,,,"",""
ball,2,2.3,Australia,AJ Finch,DA Warner,R Ngarava,0,0,,,,,,"",""
ball,2,2.4,Australia,AJ Finch,DA Warner,R Ngarava,1,0,,,,,,"",""
ball,2,2.5,Australia,DA Warner,AJ Finch,R Ngarava,0,0,,,,,,"",""
ball,2,2.6,Australia,DA Warner,AJ Finch,R Ngarava,0,0,,,,,,"",""
ball,2,3.1,Australia,AJ Finch,DA Warner,VM Nyauchi,1,0,,,,,,"",""
ball,2,3.2,Australia,DA Warner,AJ Finch,VM Nyauchi,0,0,,,,,,"",""
ball,2,3.3,Australia,DA Warner,AJ Finch,VM Nyauchi,2,0,,,,,,"",""
ball,2,3.4,Australia,DA Warner,AJ Finch,VM Nyauchi,4,0,,,,,,"",""
ball,2,3.5,Australia,DA Warner,AJ Finch,VM Nyauchi,0,0,,,,,,"",""
ball,2,3.6,Australia,DA Warner,AJ Finch,VM Nyauchi,0,0,,,,,,"",""
ball,2,4.1,Australia,AJ Finch,DA Warner,R Ngarava,0,0,,,,,,"",""
ball,2,4.2,Australia,AJ Finch,DA Warner,R Ngarava,1,0,,,,,,"",""
ball,2,4.3,Australia,DA Warner,AJ Finch,R Ngarava,0,0,,,,,,"",""
ball,2,4.4,Australia,DA Warner,AJ Finch,R Ngarava,4,0,,,,,,"",""
ball,2,4.5,Australia,DA Warner,AJ Finch,R Ngarava,0,0,,,,,,"",""
ball,2,4.6,Australia,DA Warner,AJ Finch,R Ngarava,4,0,,,,,,"",""
ball,2,5.1,Australia,AJ Finch,DA Warner,VM Nyauchi,1,0,,,,,,"",""
ball,2,5.2,Australia,DA Warner,AJ Finch,VM Nyauchi,0,0,,,,,,"",""
ball,2,5.3,Australia,DA Warner,AJ Finch,VM Nyauchi,3,0,,,,,,"",""
ball,2,5.4,Australia,AJ Finch,DA Warner,VM Nyauchi,0,0,,,,,,"",""
ball,2,5.5,Australia,AJ Finch,DA Warner,VM Nyauchi,4,0,,,,,,"",""
ball,2,5.6,Australia,AJ Finch,DA Warner,VM Nyauchi,0,0,,,,,,"",""
ball,2,6.1,Australia,DA Warner,AJ Finch,B Evans,0,0,,,,,,"",""
ball,2,6.2,Australia,DA Warner,AJ Finch,B Evans,0,0,,,,,,"",""
ball,2,6.3,Australia,DA Warner,AJ Finch,B Evans,0,0,,,,,,"",""
ball,2,6.4,Australia,DA Warner,AJ Finch,B Evans,0,0,,,,,,"",""
ball,2,6.5,Australia,DA Warner,AJ Finch,B Evans,0,0,,,,,,"",""
ball,2,6.6,Australia,DA Warner,AJ Finch,B Evans,4,0,,,,,,"",""
ball,2,7.1,Australia,AJ Finch,DA Warner,R Ngarava,0,0,,,,,,"",""
ball,2,7.2,Australia,AJ Finch,DA Warner,R Ngarava,0,0,,,,,,"",""
ball,2,7.3,Australia,AJ Finch,DA Warner,R Ngarava,0,0,,,,,,bowled,AJ Finch
ball,2,7.4,Australia,SPD Smith,DA Warner,R Ngarava,0,0,,,,,,"",""
ball,2,7.5,Australia,SPD Smith,DA Warner,R Ngarava,0,0,,,,,,"",""
ball,2,7.6,Australia,SPD Smith,DA Warner,R Ngarava,1,0,,,,,,"",""
ball,2,8.1,Australia,SPD Smith,DA Warner,B Evans,0,0,,,,,,"",""
ball,2,8.2,Australia,SPD Smith,DA Warner,B Evans,0,1,1,,,,,"",""
ball,2,8.3,Australia,SPD Smith,DA Warner,B Evans,4,0,,,,,,"",""
ball,2,8.4,Australia,SPD Smith,DA Warner,B Evans,0,0,,,,,,"",""
ball,2,8.5,Australia,SPD Smith,DA Warner,B Evans,0,0,,,,,,"",""
ball,2,8.6,Australia,SPD Smith,DA Warner,B Evans,0,0,,,,,,"",""
ball,2,8.7,Australia,SPD Smith,DA Warner,B Evans,0,0,,,,,,"",""
ball,2,9.1,Australia,DA Warner,SPD Smith,R Ngarava,0,0,,,,,,"",""
ball,2,9.2,Australia,DA Warner,SPD Smith,R Ngarava,0,0,,,,,,"",""
ball,2,9.3,Australia,DA Warner,SPD Smith,R Ngarava,0,0,,,,,,"",""
ball,2,9.4,Australia,DA Warner,SPD Smith,R Ngarava,0,0,,,,,,"",""
ball,2,9.5,Australia,DA Warner,SPD Smith,R Ngarava,0,0,,,,,,"",""
ball,2,9.6,Australia,DA Warner,SPD Smith,R Ngarava,1,0,,,,,,"",""
ball,2,10.1,Australia,DA Warner,SPD Smith,B Evans,1,0,,,,,,"",""
ball,2,10.2,Australia,SPD Smith,DA Warner,B Evans,4,0,,,,,,"",""
ball,2,10.3,Australia,SPD Smith,DA Warner,B Evans,4,0,,,,,,"",""
ball,2,10.4,Australia,SPD Smith,DA Warner,B Evans,0,0,,,,,,"",""
ball,2,10.5,Australia,SPD Smith,DA Warner,B Evans,0,0,,,,,,"",""
ball,2,10.6,Australia,SPD Smith,DA Warner,B Evans,0,0,,,,,,"",""
ball,2,11.1,Australia,DA Warner,SPD Smith,R Ngarava,0,0,,,,,,"",""
ball,2,11.2,Australia,DA Warner,SPD Smith,R Ngarava,0,0,,,,,,"",""
ball,2,11.3,Australia,DA Warner,SPD Smith,R Ngarava,0,0,,,,,,"",""
ball,2,11.4,Australia,DA Warner,SPD Smith,R Ngarava,0,0,,,,,,"",""
ball,2,11.5,Australia,DA Warner,SPD Smith,R Ngarava,0,1,1,,,,,"",""
ball,2,11.6,Australia,DA Warner,SPD Smith,R Ngarava,0,0,,,,,,"",""
ball,2,11.7,Australia,DA Warner,SPD Smith,R Ngarava,0,0,,,,,,"",""
ball,2,12.1,Australia,SPD Smith,DA Warner,B Evans,2,0,,,,,,"",""
ball,2,12.2,Australia,SPD Smith,DA Warner,B Evans,0,0,,,,,,"",""
ball,2,12.3,Australia,SPD Smith,DA Warner,B Evans,0,0,,,,,,"",""
ball,2,12.4,Australia,SPD Smith,DA Warner,B Evans,2,0,,,,,,"",""
ball,2,12.5,Australia,SPD Smith,DA Warner,B Evans,0,0,,,,,,"",""
ball,2,12.6,Australia,SPD Smith,DA Warner,B Evans,0,0,,,,,,"",""
ball,2,13.1,Australia,DA Warner,SPD Smith,VM Nyauchi,0,0,,,,,,"",""
ball,2,13.2,Australia,DA Warner,SPD Smith,VM Nyauchi,0,0,,,,,,"",""
ball,2,13.3,Australia,DA Warner,SPD Smith,VM Nyauchi,0,0,,,,,,"",""
ball,2,13.4,Australia,DA Warner,SPD Smith,VM Nyauchi,1,0,,,,,,"",""
ball,2,13.5,Australia,SPD Smith,DA Warner,VM Nyauchi,1,0,,,,,,"",""
ball,2,13.6,Australia,DA Warner,SPD Smith,VM Nyauchi,1,0,,,,,,"",""
ball,2,14.1,Australia,DA Warner,SPD Smith,B Evans,1,0,,,,,,"",""
ball,2,14.2,Australia,SPD Smith,DA Warner,B Evans,0,0,,,,,,"",""
ball,2,14.3,Australia,SPD Smith,DA Warner,B Evans,0,0,,,,,,"",""
ball,2,14.4,Australia,SPD Smith,DA Warner,B Evans,1,0,,,,,,"",""
ball,2,14.5,Australia,DA Warner,SPD Smith,B Evans,0,0,,,,,,"",""
ball,2,14.6,Australia,DA Warner,SPD Smith,B Evans,0,1,1,,,,,"",""
ball,2,14.7,Australia,DA Warner,SPD Smith,B Evans,0,1,,,,1,,"",""
ball,2,15.1,Australia,DA Warner,SPD Smith,VM Nyauchi,1,0,,,,,,"",""
ball,2,15.2,Australia,SPD Smith,DA Warner,VM Nyauchi,0,0,,,,,,"",""
ball,2,15.3,Australia,SPD Smith,DA Warner,VM Nyauchi,0,0,,,,,,"",""
ball,2,15.4,Australia,SPD Smith,DA Warner,VM Nyauchi,0,0,,,,,,"",""
ball,2,15.5,Australia,SPD Smith,DA Warner,VM Nyauchi,0,0,,,,,,"",""
ball,2,15.6,Australia,SPD Smith,DA Warner,VM Nyauchi,0,0,,,,,,"",""
ball,2,16.1,Australia,DA Warner,SPD Smith,Sikandar Raza,1,0,,,,,,"",""
ball,2,16.2,Australia,SPD Smith,DA Warner,Sikandar Raza,1,0,,,,,,"",""
ball,2,16.3,Australia,DA Warner,SPD Smith,Sikandar Raza,4,0,,,,,,"",""
ball,2,16.4,Australia,DA Warner,SPD Smith,Sikandar Raza,1,0,,,,,,"",""
ball,2,16.5,Australia,SPD Smith,DA Warner,Sikandar Raza,1,0,,,,,,"",""
ball,2,16.6,Australia,DA Warner,SPD Smith,Sikandar Raza,0,0,,,,,,"",""
ball,2,17.1,Australia,SPD Smith,DA Warner,B Evans,1,0,,,,,,"",""
ball,2,17.2,Australia,DA Warner,SPD Smith,B Evans,0,0,,,,,,"",""
ball,2,17.3,Australia,DA Warner,SPD Smith,B Evans,0,0,,,,,,"",""
ball,2,17.4,Australia,DA Warner,SPD Smith,B Evans,2,0,,,,,,"",""
ball,2,17.5,Australia,DA Warner,SPD Smith,B Evans,4,0,,,,,,"",""
ball,2,17.6,Australia,DA Warner,SPD Smith,B Evans,1,0,,,,,,"",""
ball,2,18.1,Australia,DA Warner,SPD Smith,Sikandar Raza,6,0,,,,,,"",""
ball,2,18.2,Australia,DA Warner,SPD Smith,Sikandar Raza,1,0,,,,,,"",""
ball,2,18.3,Australia,SPD Smith,DA Warner,Sikandar Raza,0,0,,,,,,"",""
ball,2,18.4,Australia,SPD Smith,DA Warner,Sikandar Raza,0,0,,,,,,"",""
ball,2,18.5,Australia,SPD Smith,DA Warner,Sikandar Raza,0,0,,,,,,"",""
ball,2,18.6,Australia,SPD Smith,DA Warner,Sikandar Raza,0,0,,,,,,"",""
ball,2,19.1,Australia,DA Warner,SPD Smith,RP Burl,0,0,,,,,,"",""
ball,2,19.2,Australia,DA Warner,SPD Smith,RP Burl,1,0,,,,,,"",""
ball,2,19.3,Australia,SPD Smith,DA Warner,RP Burl,0,0,,,,,,"",""
ball,2,19.4,Australia,SPD Smith,DA Warner,RP Burl,0,0,,,,,,"",""
ball,2,19.5,Australia,SPD Smith,DA Warner,RP Burl,1,0,,,,,,"",""
ball,2,19.6,Australia,DA Warner,SPD Smith,RP Burl,0,0,,,,,,"",""
ball,2,20.1,Australia,SPD Smith,DA Warner,Sikandar Raza,0,0,,,,,,"",""
ball,2,20.2,Australia,SPD Smith,DA Warner,Sikandar Raza,0,0,,,,,,"",""
ball,2,20.3,Australia,SPD Smith,DA Warner,Sikandar Raza,4,0,,,,,,"",""
ball,2,20.4,Australia,SPD Smith,DA Warner,Sikandar Raza,0,0,,,,,,"",""
ball,2,20.5,Australia,SPD Smith,DA Warner,Sikandar Raza,0,0,,,,,,"",""
ball,2,20.6,Australia,SPD Smith,DA Warner,Sikandar Raza,0,0,,,,,,"",""
ball,2,21.1,Australia,DA Warner,SPD Smith,RP Burl,0,0,,,,,,"",""
ball,2,21.2,Australia,DA Warner,SPD Smith,RP Burl,0,0,,,,,,"",""
ball,2,21.3,Australia,DA Warner,SPD Smith,RP Burl,4,0,,,,,,"",""
ball,2,21.4,Australia,DA Warner,SPD Smith,RP Burl,1,0,,,,,,"",""
ball,2,21.5,Australia,SPD Smith,DA Warner,RP Burl,1,0,,,,,,"",""
ball,2,21.6,Australia,DA Warner,SPD Smith,RP Burl,1,0,,,,,,"",""
ball,2,22.1,Australia,DA Warner,SPD Smith,Sikandar Raza,0,0,,,,,,bowled,DA Warner
ball,2,22.2,Australia,AT Carey,SPD Smith,Sikandar Raza,0,0,,,,,,"",""
ball,2,22.3,Australia,AT Carey,SPD Smith,Sikandar Raza,1,0,,,,,,"",""
ball,2,22.4,Australia,SPD Smith,AT Carey,Sikandar Raza,0,0,,,,,,"",""
ball,2,22.5,Australia,SPD Smith,AT Carey,Sikandar Raza,1,0,,,,,,"",""
ball,2,22.6,Australia,AT Carey,SPD Smith,Sikandar Raza,0,0,,,,,,"",""
ball,2,23.1,Australia,SPD Smith,AT Carey,RP Burl,4,0,,,,,,"",""
ball,2,23.2,Australia,SPD Smith,AT Carey,RP Burl,0,0,,,,,,"",""
ball,2,23.3,Australia,SPD Smith,AT Carey,RP Burl,2,0,,,,,,"",""
ball,2,23.4,Australia,SPD Smith,AT Carey,RP Burl,0,0,,,,,,"",""
ball,2,23.5,Australia,SPD Smith,AT Carey,RP Burl,1,0,,,,,,"",""
ball,2,23.6,Australia,AT Carey,SPD Smith,RP Burl,4,0,,,,,,"",""
ball,2,24.1,Australia,SPD Smith,AT Carey,Sikandar Raza,0,0,,,,,,"",""
ball,2,24.2,Australia,SPD Smith,AT Carey,Sikandar Raza,0,0,,,,,,"",""
ball,2,24.3,Australia,SPD Smith,AT Carey,Sikandar Raza,0,0,,,,,,"",""
ball,2,24.4,Australia,SPD Smith,AT Carey,Sikandar Raza,0,2,2,,,,,"",""
ball,2,24.5,Australia,AT Carey,SPD Smith,Sikandar Raza,4,0,,,,,,"",""
ball,2,24.6,Australia,AT Carey,SPD Smith,Sikandar Raza,1,0,,,,,,"",""
ball,2,24.7,Australia,SPD Smith,AT Carey,Sikandar Raza,0,0,,,,,,"",""
ball,2,25.1,Australia,AT Carey,SPD Smith,RP Burl,0,0,,,,,,"",""
ball,2,25.2,Australia,AT Carey,SPD Smith,RP Burl,0,0,,,,,,caught,AT Carey
ball,2,25.3,Australia,MP Stoinis,SPD Smith,RP Burl,0,0,,,,,,"",""
ball,2,25.4,Australia,MP Stoinis,SPD Smith,RP Burl,0,0,,,,,,"",""
ball,2,25.5,Australia,MP Stoinis,SPD Smith,RP Burl,2,0,,,,,,"",""
ball,2,25.6,Australia,MP Stoinis,SPD Smith,RP Burl,6,0,,,,,,"",""
ball,2,26.1,Australia,SPD Smith,MP Stoinis,Sikandar Raza,0,0,,,,,,"",""
ball,2,26.2,Australia,SPD Smith,MP Stoinis,Sikandar Raza,0,0,,,,,,"",""
ball,2,26.3,Australia,SPD Smith,MP Stoinis,Sikandar Raza,0,1,1,,,,,"",""
ball,2,26.4,Australia,SPD Smith,MP Stoinis,Sikandar Raza,0,0,,,,,,"",""
ball,2,26.5,Australia,SPD Smith,MP Stoinis,Sikandar Raza,0,0,,,,,,"",""
ball,2,26.6,Australia,SPD Smith,MP Stoinis,Sikandar Raza,1,0,,,,,,"",""
ball,2,26.7,Australia,MP Stoinis,SPD Smith,Sikandar Raza,1,0,,,,,,"",""
ball,2,27.1,Australia,MP Stoinis,SPD Smith,RP Burl,4,0,,,,,,"",""
ball,2,27.2,Australia,MP Stoinis,SPD Smith,RP Burl,0,0,,,,,,"",""
ball,2,27.3,Australia,MP Stoinis,SPD Smith,RP Burl,0,0,,,,,,"",""
ball,2,27.4,Australia,MP Stoinis,SPD Smith,RP Burl,0,0,,,,,,"",""
ball,2,27.5,Australia,MP Stoinis,SPD Smith,RP Burl,1,0,,,,,,"",""
ball,2,27.6,Australia,SPD Smith,MP Stoinis,RP Burl,0,0,,,,,,"",""
ball,2,28.1,Australia,MP Stoinis,SPD Smith,Sikandar Raza,0,0,,,,,,"",""
ball,2,28.2,Australia,MP Stoinis,SPD Smith,Sikandar Raza,1,0,,,,,,"",""
ball,2,28.3,Australia,SPD Smith,MP Stoinis,Sikandar Raza,4,0,,,,,,"",""
ball,2,28.4,Australia,SPD Smith,MP Stoinis,Sikandar Raza,0,0,,,,,,"",""
ball,2,28.5,Australia,SPD Smith,MP Stoinis,Sikandar Raza,0,0,,,,,,"",""
ball,2,28.6,Australia,SPD Smith,MP Stoinis,Sikandar Raza,0,0,,,,,,"",""
ball,2,29.1,Australia,MP Stoinis,SPD Smith,RP Burl,4,0,,,,,,"",""
ball,2,29.2,Australia,MP Stoinis,SPD Smith,RP Burl,0,0,,,,,,caught,MP Stoinis
ball,2,29.3,Australia,MR Marsh,SPD Smith,RP Burl,0,0,,,,,,"",""
ball,2,29.4,Australia,MR Marsh,SPD Smith,RP Burl,2,0,,,,,,"",""
ball,2,29.5,Australia,MR Marsh,SPD Smith,RP Burl,0,0,,,,,,caught,MR Marsh
ball,2,29.6,Australia,GJ Maxwell,SPD Smith,RP Burl,4,0,,,,,,"",""
ball,2,30.1,Australia,SPD Smith,GJ Maxwell,Sikandar Raza,0,0,,,,,,"",""
ball,2,30.2,Australia,SPD Smith,GJ Maxwell,Sikandar Raza,2,0,,,,,,"",""
ball,2,30.3,Australia,SPD Smith,GJ Maxwell,Sikandar Raza,2,0,,,,,,"",""
ball,2,30.4,Australia,SPD Smith,GJ Maxwell,Sikandar Raza,0,4,4,,,,,"",""
ball,2,30.5,Australia,GJ Maxwell,SPD Smith,Sikandar Raza,0,0,,,,,,"",""
ball,2,30.6,Australia,GJ Maxwell,SPD Smith,Sikandar Raza,1,0,,,,,,"",""
ball,2,30.7,Australia,SPD Smith,GJ Maxwell,Sikandar Raza,0,0,,,,,,"",""
ball,2,31.1,Australia,GJ Maxwell,SPD Smith,RP Burl,1,0,,,,,,"",""
ball,2,31.2,Australia,SPD Smith,GJ Maxwell,RP Burl,0,1,1,,,,,"",""
ball,2,31.3,Australia,SPD Smith,GJ Maxwell,RP Burl,0,0,,,,,,"",""
ball,2,31.4,Australia,SPD Smith,GJ Maxwell,RP Burl,1,0,,,,,,"",""
ball,2,31.5,Australia,GJ Maxwell,SPD Smith,RP Burl,6,0,,,,,,"",""
ball,2,31.6,Australia,GJ Maxwell,SPD Smith,RP Burl,4,0,,,,,,"",""
ball,2,31.7,Australia,GJ Maxwell,SPD Smith,RP Burl,4,0,,,,,,"",""
ball,2,32.1,Australia,SPD Smith,GJ Maxwell,LM Jongwe,0,0,,,,,,"",""
ball,2,32.2,Australia,SPD Smith,GJ Maxwell,LM Jongwe,0,0,,,,,,"",""
ball,2,32.3,Australia,SPD Smith,GJ Maxwell,LM Jongwe,0,0,,,,,,"",""
ball,2,32.4,Australia,SPD Smith,GJ Maxwell,LM Jongwe,0,1,1,,,,,"",""
ball,2,32.5,Australia,SPD Smith,GJ Maxwell,LM Jongwe,0,0,,,,,,"",""
ball,2,32.6,Australia,SPD Smith,GJ Maxwell,LM Jongwe,0,0,,,,,,"",""
ball,2,32.7,Australia,SPD Smith,GJ Maxwell,LM Jongwe,0,1,1,,,,,"",""
ball,2,32.8,Australia,SPD Smith,GJ Maxwell,LM Jongwe,1,0,,,,,,"",""
ball,2,33.1,Australia,SPD Smith,GJ Maxwell,R Ngarava,1,0,,,,,,"",""
ball,2,33.2,Australia,GJ Maxwell,SPD Smith,R Ngarava,6,0,,,,,,"",""
ball,2,33.3,Australia,GJ Maxwell,SPD Smith,R Ngarava,6,0,,,,,,"",""
